<?xml version="1.0" encoding="UTF-8"?>
<project-private xmlns="http://www.netbeans.org/ns/project-private/1">
    <editor-bookmarks xmlns="http://www.netbeans.org/ns/editor-bookmarks/2" lastBookmarkId="1">
        <file>
            <url>threads.js</url>
            <bookmark id="1">
                <name/>
                <line>0</line>
                <key/>
            </bookmark>
        </file>
    </editor-bookmarks>
    <open-files xmlns="http://www.netbeans.org/ns/projectui-open-files/2">
        <group>
            <file>file:/var/www/joke/JokeJs/level1</file>
            <file>file:/var/www/joke/JokeJs/joke.js</file>
            <file>file:/var/www/joke/JokeJs/joke_1.js</file>
            <file>file:/var/www/joke/JokeJs/images.js</file>
            <file>file:/var/www/joke/JokeJs/user.js</file>
            <file>file:/var/www/joke/JokeJs/level1.xml</file>
            <file>file:/var/www/joke/JokeJs/index.html</file>
            <file>file:/var/www/joke/JokeJs/resources/layout/accessories/box.png</file>
            <file>file:/var/www/joke/JokeJs/Utils.js</file>
            <file>file:/var/www/joke/JokeJs/classes.js</file>
            <file>file:/var/www/joke/JokeJs/maps.js</file>
        </group>
    </open-files>
</project-private>
